{"materials":[{"id":876,"path":"Resources/unity_builtin_extra\\Default-Skybox","assetBundleId":-2,"data":["Default-Skybox",0,154,1000,0,[["_SunDisk",1],["_SunSize",0.0399999991059303],["_SunSizeConvergence",5],["_AtmosphereThickness",1],["_Exposure",1.29999995231628]],[["_SkyTint",0.5,0.5,0.5,1],["_GroundColor",0.368999987840652,0.349000006914139,0.340999990701675,1]],[],[],[["_SUNDISK_SIMPLE",1]]]}],"shaders":[{"id":154,"assetBundleId":-2,"data":[[],"Skybox/Procedural",null,["_SUNDISK_HIGH_QUALITY","_SUNDISK_NONE","_SUNDISK_SIMPLE","STEREO_CUBEMAP_RENDER_ON","STEREO_INSTANCING_ON","STEREO_MULTIVIEW_ON","UNITY_SINGLE_PASS_STEREO"],[[0,0,"",0,"",0,[4,null],[0,null],[0,null],[[1,null],[0,null],[0,null]],[[1,null],[0,null],[0,null]],[15,null],[0,null],[0,null],[0,null],[255,null],[255,null],[[0,null],[0,null],[0,null],[8,null]],[[0,null],[0,null],[0,null],[8,null]],[[0,null],[0,null],[0,null],[8,null]],[["PreviewType","Skybox"],["QUEUE","Background"],["RenderType","Background"]],["STEREO_CUBEMAP_RENDER_ON","STEREO_INSTANCING_ON","STEREO_MULTIVIEW_ON","UNITY_SINGLE_PASS_STEREO","_SUNDISK_HIGH_QUALITY","_SUNDISK_NONE","_SUNDISK_SIMPLE"],[],[],[],0]],[],[["_SunDisk",2,2,0,0,0,"",0],["_SunSize",3,0.0399999991059303,0,1,0,"",0],["_SunSizeConvergence",3,5,1,10,0,"",0],["_AtmosphereThickness",3,1,0,5,0,"",0],["_SkyTint",0,0.5,0.5,0.5,1,"",0],["_GroundColor",0,0.368999987840652,0.349000006914139,0.340999990701675,1,"",0],["_Exposure",3,1.29999995231628,0,8,0,"",0]],null,null,0,0,0]},{"id":48,"assetBundleId":-2,"data":[[],"Hidden/BlitCopy",null,["STEREO_CUBEMAP_RENDER_ON","STEREO_INSTANCING_ON","STEREO_MULTIVIEW_ON","UNITY_SINGLE_PASS_STEREO"],[[0,0,"",0,"",0,[8,null],[0,null],[0,null],[[1,null],[0,null],[0,null]],[[1,null],[0,null],[0,null]],[15,null],[0,null],[0,null],[0,null],[255,null],[255,null],[[0,null],[0,null],[0,null],[8,null]],[[0,null],[0,null],[0,null],[8,null]],[[0,null],[0,null],[0,null],[8,null]],[],["STEREO_CUBEMAP_RENDER_ON","STEREO_INSTANCING_ON","STEREO_MULTIVIEW_ON","UNITY_SINGLE_PASS_STEREO"],[],[],[],0]],[],[["_MainTex",4,0,0,0,0,"",0],["_Color",0,1,1,1,1,"",0]],null,null,0,0,0]},{"id":28,"assetBundleId":-2,"data":[[],"UI/Default",null,["UNITY_UI_ALPHACLIP","UNITY_UI_CLIP_RECT","STEREO_CUBEMAP_RENDER_ON","STEREO_INSTANCING_ON","STEREO_MULTIVIEW_ON","UNITY_SINGLE_PASS_STEREO","_"],[[0,0,"Default",0,"",0,[0,"unity_GUIZTestMode"],[0,null],[0,null],[[1,null],[10,null],[0,null]],[[1,null],[10,null],[0,null]],[0,"_ColorMask"],[0,null],[0,null],[0,"_Stencil"],[0,"_StencilReadMask"],[0,"_StencilWriteMask"],[[0,"_StencilOp"],[0,null],[0,null],[0,"_StencilComp"]],[[0,null],[0,null],[0,null],[8,null]],[[0,null],[0,null],[0,null],[8,null]],[["CanUseSpriteAtlas","true"],["IGNOREPROJECTOR","true"],["PreviewType","Plane"],["QUEUE","Transparent"],["RenderType","Transparent"]],["STEREO_CUBEMAP_RENDER_ON","STEREO_INSTANCING_ON","STEREO_MULTIVIEW_ON","UNITY_SINGLE_PASS_STEREO","UNITY_UI_ALPHACLIP","UNITY_UI_CLIP_RECT","_"],[],[[0,0,[],2,3,0,0],[0,0,[],4,5,1,0]],[],0]],[],[["_MainTex",4,0,0,0,0,"white",2],["_Color",0,1,1,1,1,"",0],["_StencilComp",2,8,0,0,0,"",0],["_Stencil",2,0,0,0,0,"",0],["_StencilOp",2,0,0,0,0,"",0],["_StencilWriteMask",2,255,0,0,0,"",0],["_StencilReadMask",2,255,0,0,0,"",0],["_ColorMask",2,15,0,0,0,"",0],["_UseUIAlphaClip",2,0,0,0,0,"",0]],null,null,0,0,0]}],"sprites":[{"id":914,"path":"Resources/unity_builtin_extra\\UIMask","assetBundleId":-2,"data":["UIMask",1,912,[0,0,0,0.07,0.07,0],[0.055,0.07,0,0.84375,0.9375,0.07,-0.06,0,0.9375,0.125,0.07,0.055,0,0.9375,0.84375,0.055,-0.07,0,0.84375,0.0625,-0.065,-0.07,0,0.09375,0.0625,-0.07,0.07,0,0.0625,0.9375,-0.07,-0.06,0,0.0625,0.125],[6,5,4,0,4,5,3,4,0,1,3,0,2,1,0],-0.000835970044136047,-0.000835970044136047,0.999164044857025,0.999164044857025,0.0625,0.0625,0.9375,0.9375,0.3125,0.3125,0.3125,0.3125,[0,0,0,0],[-0.08,-0.08,0.08,0.08],200,32,32,32,32,16,16,2.02675104141235,2.02675104141235]}],"textures":[{"id":912,"type":0,"path":"Resources/unity_builtin_extra\\UIMask","assetBundleId":-2,"data":["UIMask",32,32,6,16,1,0,4,1,1,1,8,0,0,1,1]}],"cubemaps":[{"id":28198,"type":2,"path":"Assets/@Scenes/00_Title.unity/PrefilteredEnvironment.exr","assetBundleId":-2,"data":["",-7160,8,0,128,0,2,[0,0,0.25,0.5,0,0.5,0.25,1,0.25,0,0.5,0.5,0.25,0.5,0.5,1,0.5,0,0.75,0.5,0.75,0,1,0.5,0.5,0.5,0.625,0.75,0.5,0.75,0.625,1,0.625,0.5,0.75,0.75,0.625,0.75,0.75,1,0.75,0.5,0.875,0.75,0.875,0.5,1,0.75,0.75,0.75,0.8125,0.875,0.75,0.875,0.8125,1,0.8125,0.75,0.875,0.875,0.8125,0.875,0.875,1,0.875,0.75,0.9375,0.875,0.9375,0.75,1,0.875,0.875,0.875,0.90625,0.9375,0.875,0.9375,0.90625,1,0.90625,0.875,0.9375,0.9375,0.90625,0.9375,0.9375,1,0.9375,0.875,0.96875,0.9375,0.96875,0.875,1,0.9375,0.9375,0.9375,0.953125,0.96875,0.9375,0.96875,0.953125,1,0.953125,0.9375,0.96875,0.96875,0.953125,0.96875,0.96875,1,0.96875,0.9375,0.984375,0.96875,0.984375,0.9375,1,0.96875,0.96875,0.96875,0.9765625,0.984375,0.96875,0.984375,0.9765625,1,0.9765625,0.96875,0.984375,0.984375,0.9765625,0.984375,0.984375,1,0.984375,0.96875,0.9921875,0.984375,0.9921875,0.96875,1,0.984375,0.984375,0.984375,0.98828125,0.9921875,0.984375,0.9921875,0.98828125,1,0.98828125,0.984375,0.9921875,0.9921875,0.98828125,0.9921875,0.9921875,1,0.9921875,0.984375,0.99609375,0.9921875,0.99609375,0.984375,1,0.9921875,0.9921875,0.9921875,0.994140625,0.99609375,0.9921875,0.99609375,0.994140625,1,0.994140625,0.9921875,0.99609375,0.99609375,0.994140625,0.99609375,0.99609375,1,0.99609375,0.9921875,0.998046875,0.99609375,0.998046875,0.9921875,1,0.99609375],1,1]}],"resources":[{"id":0,"assetBundleId":-2,"data":[[["fonts & materials/liberationsans sdf",1,27006],["fonts & materials/liberationsans sdf",24,27004],["fonts & materials/liberationsans sdf - fallback",1,26892],["fonts & materials/liberationsans sdf - fallback",24,26890],["fonts & materials/liberationsans sdf - fallback",23,26888],["fonts & materials/liberationsans sdf",23,27002],["unity_builtin_extra",0,154],["unity_builtin_extra",24,876],["unity_builtin_extra",0,28],["dotweensettings",87,26978],["sprite assets/emojione",24,28122],["sprite assets/emojione",89,26874],["style sheets/default style sheet",90,27008],["linebreaking leading characters",91,27752],["linebreaking following characters",91,27754],["tmp settings",88,26990],["color gradient presets/blue to purple - vertical",92,26926],["color gradient presets/dark to light green - vertical",92,26988],["color gradient presets/light to dark green - vertical",92,26934],["color gradient presets/yellow to orange - vertical",92,27020],["debuguicanvas",33,28000],["unity_builtin_extra",1,912],["unity_builtin_extra",21,914],["debuguipersistentcanvas",33,28002],["fonts & materials/anton sdf",23,26900],["fonts & materials/anton sdf",1,26904],["fonts & materials/anton sdf",24,26902],["fonts & materials/anton sdf - drop shadow",24,26912],["fonts & materials/anton sdf - outline",24,26936],["fonts & materials/anton sdf - sunny days",24,26956],["fonts & materials/bangers sdf",23,27012],["fonts & materials/bangers sdf",1,27016],["fonts & materials/bangers sdf",24,27014],["fonts & materials/bangers sdf - drop shadow",24,26994],["fonts & materials/bangers sdf - outline",24,26986],["fonts & materials/bangers sdf glow",24,26898],["fonts & materials/bangers sdf logo",24,26998],["fonts & materials/electronic highway sign sdf",23,26944],["fonts & materials/electronic highway sign sdf",1,26948],["fonts & materials/electronic highway sign sdf",24,26946],["fonts & materials/liberationsans sdf - drop shadow",24,26854],["fonts & materials/liberationsans sdf - metalic green",24,26856],["fonts & materials/liberationsans sdf - outline",24,26914],["fonts & materials/liberationsans sdf - overlay",24,26882],["fonts & materials/liberationsans sdf - soft mask",24,26864],["fonts & materials/oswald bold sdf",23,26906],["fonts & materials/oswald bold sdf",1,26910],["fonts & materials/oswald bold sdf",24,26908],["fonts & materials/roboto-bold sdf",23,26868],["fonts & materials/roboto-bold sdf",1,26872],["fonts & materials/roboto-bold sdf",24,26870],["fonts & materials/roboto-bold sdf - drop shadow",24,26970],["fonts & materials/roboto-bold sdf - surface",24,26920],["sprite assets/default sprite asset",89,26860],["sprite assets/default sprite asset",24,28444],["sprite assets/dropcap numbers",89,26876],["sprite assets/dropcap numbers",24,28422]],[30610,29954,31340,29954,30172,29954,32062,29954,30160,29954,30614,29954,31344,29954,32070,29954,30612,29954,29956,29954,29900,29954,30164,29954,30594,29954,29958,29954,30606,29954,31324,29954,30166,29954,32050,29954,30600,29954,31320,29954,30168,29954,32052,29954,31300,29954,31308,29954,30620,29954,31330,29954,30176,29954,32076,29954,29960,29954,30592,29954,30586,29954,29902,29964,29966,29964,29968,29964,30624,29964,30628,29964,29904,29972,30188,29972,30640,29972,29976,29972,31354,29972,30636,29972,29974,29972,30632,29972,30634,29972,29906,29980,29984,29980,31378,29980,30192,29980,31372,29980,31364,29980,31384,29980,30198,29980,30200,29980,30202,29980,30204,29980,30206,29980,29982,29980,30644,29980,30646,29980,29908,29988,29992,29988,31390,29988,30208,29988,31410,29988,31398,29988,31404,29988,30214,29988,30216,29988,30218,29988,30220,29988,30222,29988,29990,29988,30660,29988,30662,29988,29910,29996,30000,29996,31430,29996,30224,29996,31424,29996,31418,29996,31436,29996,30230,29996,30232,29996,30234,29996,30236,29996,30238,29996,29998,29996,30676,29996,30678,29996,29912,30004,30008,30004,30696,30004,30240,30004,30694,30004,30244,30004,30246,30004,30248,30004,30006,30004,30692,30004,30698,30004,29914,30012,30014,30012,30254,30012,30258,30012,30708,30012,30020,30018,30274,30018,30276,30018,30278,30018,29916,30018,30022,30018,30722,30018,30720,30018,30028,30026,30300,30026,30302,30026,30304,30026,30306,30026,29918,30026,30290,30026,30754,30026,30756,30026,30030,30026,31482,30026,31484,30026,30292,30026,30762,30026,30764,30026,31470,30026,31472,30026,30294,30026,30770,30026,30772,30026,31478,30026,31480,30026,30296,30026,30780,30026,30782,30026,31474,30026,31476,30026,30740,30026,30738,30026,30742,30026,30744,30026,30746,30026,30748,30026,30750,30026,30036,30034,30318,30034,30320,30034,30322,30034,29920,30034,30326,30034,30802,30034,30804,30034,30038,30034,31516,30034,31518,30034,30328,30034,30814,30034,30816,30034,31512,30034,31514,30034,30794,30034,30792,30034,30796,30034,30798,30034,30044,30042,30340,30042,30342,30042,30344,30042,29922,30042,30348,30042,30844,30042,30846,30042,30046,30042,31538,30042,31540,30042,30350,30042,30850,30042,30852,30042,31546,30042,31548,30042,30352,30042,30856,30042,30858,30042,31542,30042,31544,30042,30828,30042,30818,30042,30830,30042,30832,30042,30834,30042,30052,30050,30374,30050,30376,30050,30378,30050,29924,30050,30364,30050,30882,30050,30884,30050,30054,30050,31576,30050,31578,30050,30366,30050,30894,30050,30896,30050,31572,30050,31574,30050,30368,30050,30902,30050,30904,30050,31584,30050,31586,30050,30370,30050,30888,30050,30890,30050,31580,30050,31582,30050,30870,30050,30860,30050,30872,30050,30874,30050,30876,30050,30878,30050,29926,30058,29928,30062,30068,30066,30406,30066,29930,30066,30070,30066,30918,30066,30076,30074,30478,30074,30480,30074,30482,30074,29932,30074,30412,30074,31724,30074,32250,30074,30992,30074,32238,30074,31712,30074,30990,30074,30078,30074,31708,30074,31710,30074,30414,30074,31778,30074,32330,30074,31052,30074,32324,30074,31784,30074,31050,30074,31780,30074,31782,30074,30416,30074,31768,30074,32152,30074,31046,30074,32160,30074,31962,30074,31044,30074,31958,30074,31960,30074,30418,30074,31758,30074,32282,30074,31176,30074,32380,30074,31706,30074,31174,30074,31702,30074,31704,30074,30420,30074,31836,30074,32424,30074,31016,30074,32216,30074,31636,30074,31014,30074,31632,30074,31634,30074,30422,30074,31734,30074,32348,30074,30926,30074,32276,30074,31842,30074,30924,30074,31838,30074,31840,30074,30424,30074,31862,30074,32220,30074,31010,30074,32142,30074,31912,30074,31008,30074,31908,30074,31910,30074,30426,30074,31628,30074,32206,30074,31188,30074,32224,30074,31754,30074,31186,30074,31750,30074,31752,30074,30428,30074,31998,30074,32200,30074,30986,30074,32210,30074,31940,30074,30984,30074,31936,30074,31938,30074,30430,30074,31800,30074,32410,30074,31152,30074,32226,30074,31902,30074,31150,30074,31898,30074,31900,30074,30432,30074,31906,30074,32308,30074,31164,30074,32208,30074,31718,30074,31162,30074,31714,30074,31716,30074,30434,30074,31924,30074,32172,30074,31182,30074,32212,30074,31930,30074,31180,30074,31926,30074,31928,30074,30436,30074,31666,30074,32392,30074,30932,30074,32260,30074,31662,30074,30930,30074,31658,30074,31660,30074,30438,30074,31886,30074,32354,30074,31004,30074,32418,30074,31852,30074,31002,30074,31848,30074,31850,30074,30440,30074,31646,30074,32428,30074,31034,30074,32182,30074,31688,30074,31032,30074,31684,30074,31686,30074,30442,30074,31748,30074,32386,30074,31028,30074,32444,30074,31698,30074,31026,30074,31694,30074,31696,30074,30444,30074,31978,30074,32396,30074,31040,30074,32230,30074,31730,30074,31038,30074,31726,30074,31728,30074,30446,30074,31896,30074,32302,30074,30944,30074,32214,30074,31968,30074,30942,30074,31964,30074,31966,30074,30448,30074,31890,30074,32258,30074,30974,30074,32438,30074,31918,30074,30972,30074,31914,30074,31916,30074,30450,30074,31846,30074,32436,30074,31194,30074,32416,30074,31858,30074,31192,30074,31854,30074,31856,30074,30452,30074,31772,30074,32454,30074,31022,30074,32232,30074,31990,30074,31020,30074,31986,30074,31988,30074,30454,30074,31618,30074,32254,30074,30980,30074,32144,30074,31792,30074,30978,30074,31788,30074,31790,30074,30456,30074,31830,30074,32358,30074,30938,30074,32234,30074,31984,30074,30936,30074,31980,30074,31982,30074,30458,30074,31614,30074,32334,30074,31170,30074,32360,30074,31946,30074,31168,30074,31942,30074,31944,30074,30460,30074,31742,30074,32156,30074,30950,30074,32164,30074,31826,30074,30948,30074,31822,30074,31824,30074,30462,30074,31672,30074,32368,30074,31146,30074,32432,30074,31680,30074,31144,30074,31676,30074,31678,30074,30464,30074,31810,30074,32192,30074,31140,30074,32286,30074,31656,30074,31138,30074,31652,30074,31654,30074,30466,30074,31954,30074,32244,30074,30968,30074,32398,30074,31974,30074,30966,30074,31970,30074,31972,30074,30468,30074,31650,30074,32168,30074,30956,30074,32336,30074,31882,30074,30954,30074,31878,30074,31880,30074,30470,30074,31796,30074,32376,30074,31158,30074,32370,30074,31874,30074,31156,30074,31870,30074,31872,30074,30472,30074,31610,30074,32292,30074,30962,30074,32304,30074,31642,30074,30960,30074,31638,30074,31640,30074,30474,30074,31934,30074,32404,30074,30998,30074,32372,30074,31764,30074,30996,30074,31760,30074,31762,30074,31062,30074,31060,30074,31064,30074,31066,30074,31068,30074,31070,30074,31072,30074,31074,30074,31076,30074,31078,30074,31080,30074,31082,30074,31084,30074,31086,30074,31088,30074,31090,30074,31092,30074,31094,30074,31096,30074,31098,30074,31100,30074,31102,30074,31104,30074,31106,30074,31108,30074,31110,30074,31112,30074,31114,30074,31116,30074,31118,30074,31120,30074,31122,30074,31124,30074,31126,30074,29934,30082,30498,30082,31198,30082,30086,30082,32002,30082,31204,30082,30084,30082,31200,30082,31202,30082,29936,30090,30092,30090,30094,30090,31214,30090,31210,30090,30100,30098,30518,30098,30520,30098,30522,30098,29938,30098,30102,30098,31226,30098,31224,30098,29940,30106,30108,30106,31236,30106,29942,30112,30116,30112,30542,30112,30544,30112,30114,30112,31240,30112,31244,30112,29944,30120,30122,30120,30124,30120,31250,30120,31254,30120,29946,30128,30130,30128,30132,30128,31258,30128,31262,30128,29948,30136,30140,30136,31274,30136,31272,30136,30562,30136,30564,30136,30566,30136,30138,30136,31266,30136,31276,30136,29950,30144,30148,30144,31284,30144,30578,30144,31282,30144,30572,30144,30574,30144,30576,30144,30146,30144,31286,30144,31288,30144,32620,28002,32630,28002,32632,32638,32640,32638,32642,32638,32660,32638,32664,32638]]}],"project-settings":[{"id":-1,"assetBundleId":-2,"data":[[["UnityEngine.EventSystems.EventSystem",-1000],["UnityEngine.UI.ToggleGroup",10],["TMPro.TextMeshPro",-105],["TMPro.TextMeshProUGUI",-100],["TMPro.TextContainer",-110],["UnityEngine.Rendering.Universal.CinemachineUniversalPixelPerfect",-1]],[[-611672961,"Background",-1],[0,"Default",0],[1456684971,"Foreground",1],[-1111072475,"Scenery",2],[617671275,"Level",3],[-1592510795,"Player",4],[-1685016129,"UI",5]],[[0,"Default"],[1,"TransparentFX"],[2,"Ignore Raycast"],[4,"Water"],[5,"UI"]],[0.0199999995529652,0.333333343267441,1,0.0299999993294477],[0,-9.8100004196167,0,6,2,0,1,[[0,0,0],[0,0,1],[0,0,2],[0,0,4],[0,0,5],[0,1,0],[0,1,1],[0,1,2],[0,1,4],[0,1,5],[0,2,0],[0,2,1],[0,2,2],[0,2,4],[0,2,5],[0,4,0],[0,4,1],[0,4,2],[0,4,4],[0,4,5],[0,5,0],[0,5,1],[0,5,2],[0,5,4],[0,5,5]]],[null,null,0,-9.8100004196167,3,8,1,0.200000002980232,8,100,360,0.200000002980232,0.75,0.5,0.00999999977648258,2,0.00999999977648258,1,1,1,1,0,0,[[0,0,0],[0,0,1],[0,0,2],[0,0,4],[0,0,5],[0,1,0],[0,1,1],[0,1,2],[0,1,4],[0,1,5],[0,2,0],[0,2,1],[0,2,2],[0,2,4],[0,2,5],[0,4,0],[0,4,1],[0,4,2],[0,4,4],[0,4,5],[0,5,0],[0,5,1],[0,5,2],[0,5,4],[0,5,5]]],[[[[],["Performant","Balanced","High Fidelity"],0,0,0,0.400000005960464,1,20,0,1,0,0,0,0,0,0,2,4,0,0,0.333333343267441,0.0666666701436043,0.200000002980232,0.466666668653488,0,0,16,2,0,3,512,0,1,2,512,1,1024,0],[[],["Performant","Balanced","High Fidelity"],1,1,0,1,1,20,0,1,0,0,0,0,0,0,2,64,1,0,0.333333343267441,0.0666666701436043,0.200000002980232,0.466666668653488,0,1,16,2,0,3,512,0,1,2,512,1,1024,1],[[],["Performant","Balanced","High Fidelity"],2,2,4,2,2,40,1,1,1,0,1,0,0,0,2,2048,2,1,0.333333343267441,0.0666666701436043,0.200000002980232,0.466666668653488,0,1,16,2,1,3,512,0,1,2,512,1,1024,2]],["Performant","Balanced","High Fidelity"],2,2,4,2,2,40,1,1,1,0,1,0,0,0,2,2048,2,1,0.333333343267441,0.0666666701436043,0.200000002980232,0.466666668653488,0,1,16,2,1,3,512,0,1,2,512,1,1024,2],0,0,0,2,0,["Untagged","Respawn","Finish","EditorOnly","MainCamera","Player","GameController"]]}]}